{"stats":{"minecraft:mined":{"minecraft:red_sand":4,"minecraft:grass_block":1,"minecraft:oak_log":2,"minecraft:dead_bush":20},"minecraft:custom":{"minecraft:time_since_rest":2123,"minecraft:crouch_one_cm":2,"minecraft:sprint_one_cm":5811,"minecraft:play_time":2123,"minecraft:walk_one_cm":3178,"minecraft:sneak_time":23,"minecraft:jump":19,"minecraft:leave_game":1,"minecraft:time_since_death":2123,"minecraft:walk_on_water_one_cm":26,"minecraft:total_world_time":2123,"minecraft:interact_with_crafting_table":1,"minecraft:fall_one_cm":1254,"minecraft:fly_one_cm":4454},"minecraft:used":{"minecraft:wooden_sword":1,"minecraft:crafting_table":1},"minecraft:crafted":{"minecraft:wooden_sword":1,"minecraft:oak_planks":8,"minecraft:crafting_table":1},"minecraft:picked_up":{"minecraft:stick":17,"minecraft:red_sand":4,"minecraft:oak_log":2}},"DataVersion":3465}